INSERT OR IGNORE INTO producer(id_producer, name_priducer, adress, phone) 
values 
(1,'Samara', 'Самара', '79969244159'),
(2, 'LiderPlus', 'g.Taganrog', '79877889852'),
(3, 'Astro', 'g.Penza', '79958424157'),
(4, 'Spaz', 'Samara', '7884571245'),
(5, 'Fortuna', 'g.Balakovo', '78455789422');

INSERT OR IGNORE INTO client(id_client, first_name, last_name, middle_name, phone)
values
(1, 'Евгений', 'Прейс', 'Александрович', '+79969242132'),
(2, 'Верещагина', 'Уляна', 'Валерьевна', '+79878966192'),
(3, 'Жысмын', 'Бабиджон', 'Зинурович', '+76666666666'),
(4, 'Ахырнык', 'Ахэлбак', 'Жусминович', '+79969244125'),
(5, 'Грязная', 'Валерия', 'Петровна', '+798748124875');


INSERT OR IGNORE INTO car( id_car, car_brand, car_model, years_of_cars_production)
values
(1,'VAZ', '2114', '2007'),
(2,'VAZ', '2113', '2005'),
(3,'VAZ', '2112', '2012'),
(4,'VAZ', '2110', '2004'),
(5,'VAZ', '2108', '2000');

INSERT OR IGNORE INTO auto_parts_warehouse(id_auto_part, id_car, id_producer, name_auto_part, car_model, car_brand, years_of_cars_production, name_producer, price, id_producer, id_car)
values
(1, '1', '5', 'Пакет Сцепления', 'VAZ', '2114', 'Все года', 'Fortuna', '3 230', '5', '1'),
(2, '1', '5', 'ВАЛ КОЛЕНЧАТЫЙ (ДВ. 1,6 8 И 16 КЛ.)', 'VAZ', '2114', 'Все года', 'Fortuna', '6 465', '5', '1'),
(3, '1', '5', 'ГЕНЕРАТОР (ИНЖ.ДВ.) (80А)', 'VAZ', '2114', 'Все года', 'Fortuna', '5 300', '5', '1'),
(4, '1', '5', 'МАХОВИК С ЗУБЧАТЫМ ОБОДОМ', 'VAZ', '2114', 'Все года', 'Fortuna', '3 170', '5', '1'),
(5, '2', '4', 'НАСОС МАСЛЯНЫЙ (ИНЖЕКТОР)', 'VAZ', '2113', 'Все года', 'Spaz', '2 790', '4', '2'),
(6, '2', '4', 'РЕЗОНАТОР ДВ 1,6Л ПОД КАТАЛИЗАТОР (С КОМПЕНСАТОРОМ)', 'VAZ', '2113', 'Все года', 'SPAZ', '2 710', '4', '2'),
(7, '2', '4', 'АМОРТИЗАТОР ПЕРЕДНИЙ ЛЕВЫЙ (СТОЙКА)', 'VAZ', '2113', 'Все года', 'Spaz', '2 610', '4', '2'),
(8, '2', '4', 'ДИСК ТОРМОЗНОЙ ПЕРЕДНИЙ', 'VAZ', '2113', 'Все года', 'Spaz', '2 505', '4', '2'),
(9, '3', '3', 'ВАЛ РАСПРЕДЕЛИТЕЛЬНЫЙ ВПУСКНОЙ ', 'VAZ', '2112', 'Все года', 'Astro', '3 030', '3', '3'),
(10, '3', '3', 'МОДУЛЬ ЭЛЕКТРОБЕНЗОНАСОСА', 'VAZ', '2112', 'Все года', 'Astro', '2 470', '3', '3'),
(11, '3', '3', 'НАСОС МАСЛЯНЫЙ', 'VAZ', '2112', 'Все года', 'Astro', '2 435', '3', '3'),
(12, '3', '3', 'КОМПЛЕКТ ГРМ 16КЛ. (РЕМЕНЬ + 2 РОЛИКА)', 'VAZ', '2112', 'Все года', 'Astro', '2 330', '3', '3'),
(13, '4', '2', 'МЕХАНИЗМ ПЕРЕКЛЮЧЕНИЯ ПЕРЕДАЧ (КУЛИСА)', 'VAZ', '2110', 'Все года', 'LiderPlus', '2 175', '2', '4'),
(14, '4', '2', 'ДМРВ', 'VAZ', '2110', 'Все года', 'LiderPlus', '2 080', '2', '4'),
(15, '4', '2', 'Э/ВЕНТИЛЯТОР ОТОПИТЕЛЯ', 'VAZ', '2110', 'Все года', 'LiderPlus', '2 070', '2', '4'),
(16, '4', '2', 'ФОРСУНКА ТОПЛИВНАЯ (16КЛ. 1,5Л)', 'VAZ', '2110', 'Все года', 'LiderPlus', '2 025', '2', '4'),
(17, '5', '1', 'ШРУС ВНУТРЕННИЙ (КОМПЛЕКТ)', 'VAZ', '2108', 'Все года', 'Samara', '1 995', '1', '4'),
(18, '5', '1', 'ВИЛКА СЦЕПЛЕНИЯ', 'VAZ', '2108', 'Все года', 'Samara', '1 860', '1', '4'),
(19, '5', '1', 'ЗЕРКАЛО ЗАДНЕГО ВИДА (КОМПЛЕКТ)', 'VAZ', '2108', 'Все года', 'Samara', '1 775', '1', '4'),
(20, '5', '1', 'РЕЙКА РУЛЕВАЯ (ГРЕБЕНКА)', 'VAZ', '2108', 'Все года', 'Samara', '1 635', '1', '4');

