INSERT OR IGNORE INTO producer(id_producer, name_priducer, adress, phone) 
values 
(1,'Samara', 'Самара', '79969244159'),
(2, 'LiderPlus', 'g.Taganrog', '79877889852'),
(3, 'Astro', 'g.Penza', '79958424157'),
(4, 'Spaz', 'Samara', '7884571245'),
(5, 'Fortuna', 'g.Balakovo', '78455789422');

INSERT OR IGNORE INTO car( id_car, car_brand, car_model, years_of_cars_production)
values
(1,'VAZ', '2114', '2007'),
(2,'VAZ', '2113', '2005'),
(3,'VAZ', '2112', '2012'),
(4,'VAZ', '2110', '2004'),
(5,'VAZ', '2108', '2000');

INSERT OR IGNORE INTO auto_parts_warehouse(id_auto_part, id_car, id_producer, name_auto_part, price)
values
(1, '1', '5', 'Пакет Сцепления', '3 230'),
(2, '1', '5', 'ВАЛ КОЛЕНЧАТЫЙ (ДВ. 1,6 8 И 16 КЛ.)', '6 465'),
(3, '1', '5', 'ГЕНЕРАТОР (ИНЖ.ДВ.) (80А)', '5 300'),
(4, '1', '5', 'МАХОВИК С ЗУБЧАТЫМ ОБОДОМ', '3 170'),
(5, '2', '4', 'НАСОС МАСЛЯНЫЙ (ИНЖЕКТОР)', '2 790'),
(6, '2', '4', 'РЕЗОНАТОР ДВ 1,6Л ПОД КАТАЛИЗАТОР (С КОМПЕНСАТОРОМ)', '2 710'),
(7, '2', '4', 'АМОРТИЗАТОР ПЕРЕДНИЙ ЛЕВЫЙ (СТОЙКА)', '2 610'),
(8, '2', '4', 'ДИСК ТОРМОЗНОЙ ПЕРЕДНИЙ', '2 505'),
(9, '3', '3', 'ВАЛ РАСПРЕДЕЛИТЕЛЬНЫЙ ВПУСКНОЙ', '3 030'),
(10, '3', '3', 'МОДУЛЬ ЭЛЕКТРОБЕНЗОНАСОСА', '2 470'),
(11, '3', '3', 'НАСОС МАСЛЯНЫЙ', '2 435'),
(12, '3', '3', 'КОМПЛЕКТ ГРМ 16КЛ. (РЕМЕНЬ + 2 РОЛИКА)', '2 330'),
(13, '4', '2', 'МЕХАНИЗМ ПЕРЕКЛЮЧЕНИЯ ПЕРЕДАЧ (КУЛИСА)', '2 175'),
(14, '4', '2', 'ДМРВ', '2 080'),
(15, '4', '2', 'Э/ВЕНТИЛЯТОР ОТОПИТЕЛЯ', '2 070'),
(16, '4', '2', 'ФОРСУНКА ТОПЛИВНАЯ (16КЛ. 1,5Л)', '2 025'),
(17, '5', '1', 'ШРУС ВНУТРЕННИЙ (КОМПЛЕКТ)', '1 995'),
(18, '5', '1', 'ВИЛКА СЦЕПЛЕНИЯ', '1 860'),
(19, '5', '1', 'ЗЕРКАЛО ЗАДНЕГО ВИДА (КОМПЛЕКТ)', '1 775'),
(20, '5', '1', 'РЕЙКА РУЛЕВАЯ (ГРЕБЕНКА)', '1 635');

