INSERT OR IGNORE INTO producer(id_producer, name_priducer, adress, phone) 
values 
(1,'Samara', 'Самара', '79969244159'),
(2, 'LiderPlus', 'g.Taganrog', '79877889852'),
(3, 'Astro', 'g.Penza', '79958424157'),
(4, 'Spaz', 'Samara', '7884571245'),
(5, 'Fortuna', 'g.Balakovo', '78455789422');

INSERT OR IGNORE INTO car( id_car, car_brand, car_model, years_of_cars_production)
values
(1,'VAZ', '2114', '2007'),
(2,'VAZ', '2113', '2005'),
(3,'VAZ', '2112', '2012'),
(4,'VAZ', '2110', '2004'),
(5,'VAZ', '2108', '2000');

INSERT OR IGNORE INTO auto_parts_warehouse(id_auto_part, id_car, id_producer, name_auto_part, price, photo)
values
(1, '1', '5', 'Пакет Сцепления', '3 230', '/img/photo/1.jpg'),
(2, '1', '5', 'ВАЛ КОЛЕНЧАТЫЙ (ДВ. 1,6 8 И 16 КЛ.)', '6 465', '/img/photo/2.jpg'),
(3, '1', '5', 'ГЕНЕРАТОР (ИНЖ.ДВ.) (80А)', '5 300', '/img/photo/3.jpg'),
(4, '1', '5', 'МАХОВИК С ЗУБЧАТЫМ ОБОДОМ', '3 170', '/img/photo/4.jpg'),
(5, '2', '4', 'НАСОС МАСЛЯНЫЙ (ИНЖЕКТОР)', '2 790', '/img/photo/5.jpg'),
(6, '2', '4', 'РЕЗОНАТОР ДВ 1,6Л ПОД КАТАЛИЗАТОР (С КОМПЕНСАТОРОМ)', '2 710', '/img/photo/6.jpg'),
(7, '2', '4', 'АМОРТИЗАТОР ПЕРЕДНИЙ ЛЕВЫЙ (СТОЙКА)', '2 610', '/img/photo/7.jpg'),
(8, '2', '4', 'ДИСК ТОРМОЗНОЙ ПЕРЕДНИЙ', '2 505', '/img/photo/8.jpg'),
(9, '3', '3', 'ВАЛ РАСПРЕДЕЛИТЕЛЬНЫЙ ВПУСКНОЙ', '3 030', '/img/photo/9.jpg'),
(10, '3', '3', 'МОДУЛЬ ЭЛЕКТРОБЕНЗОНАСОСА', '2 470', '/img/photo/10.jpg'),
(11, '3', '3', 'НАСОС МАСЛЯНЫЙ', '2 435', '/img/photo/11.jpg'),
(12, '3', '3', 'КОМПЛЕКТ ГРМ 16КЛ. (РЕМЕНЬ + 2 РОЛИКА)', '2 330', '/img/photo/12.jpg'),
(13, '4', '2', 'МЕХАНИЗМ ПЕРЕКЛЮЧЕНИЯ ПЕРЕДАЧ (КУЛИСА)', '2 175', '/img/photo/13.jpg'),
(14, '4', '2', 'ДМРВ', '2 080', '/img/photo/14.jpg'),
(15, '4', '2', 'Э/ВЕНТИЛЯТОР ОТОПИТЕЛЯ', '2 070', '/img/photo/15.jpg'),
(16, '4', '2', 'ФОРСУНКА ТОПЛИВНАЯ (16КЛ. 1,5Л)', '2 025', '/img/photo/16.jpg'),
(17, '5', '1', 'ШРУС ВНУТРЕННИЙ (КОМПЛЕКТ)', '1 995', '/img/photo/17.jpg'),
(18, '5', '1', 'ВИЛКА СЦЕПЛЕНИЯ', '1 860', '/img/photo/18.jpg'),
(19, '5', '1', 'ЗЕРКАЛО ЗАДНЕГО ВИДА (КОМПЛЕКТ)', '1 775', '/img/photo/19.jpg'),
(20, '5', '1', 'РЕЙКА РУЛЕВАЯ (ГРЕБЕНКА)', '1 635', '/img/photo/20.jpg');